url_path,views_total,views_unique
/ConnorStoneAstro/AutoProf-Legacy,9,4
/ConnorStoneAstro/AutoProf-Legacy/pull/6,5,2
/ConnorStoneAstro/AutoProf-Legacy/pulls,4,2
/ConnorStoneAstro/AutoProf-Legacy/blob/main/README.md,4,1
/ConnorStoneAstro/AutoProf-Legacy/issues,4,1
/ConnorStoneAstro/AutoProf-Legacy/network/members,2,1
/ConnorStoneAstro/AutoProf-Legacy/pull/6/commits,2,1
/ConnorStoneAstro/AutoProf-Legacy/watchers,2,1
/ConnorStoneAstro/AutoProf-Legacy/branches,1,1
/ConnorStoneAstro/AutoProf-Legacy/compare/main...hgao-astro:AutoProf-Legacy:fix-init-ellip,1,1
